City_ID,City,Lat,Lng,Max Temp,Humidity,Cloudiness,Wind Speed,Country,Date
0,jamestown,42.097,-79.2353,18.8,100,100,1.54,US,1721795062
1,albany,42.6001,-73.9662,20.88,93,55,1.16,US,1721795159
2,swakopmund,-22.6833,14.5333,9.99,88,33,0.45,NA,1721795159
3,ushuaia,-54.8,-68.3,1.81,80,100,9.77,AR,1721795127
4,luchegorsk,46.4764,134.2569,25.85,63,46,3.14,RU,1721795159
5,petropavlovsk-kamchatsky,53.0452,158.6483,12.33,82,75,5.0,RU,1721795160
6,jashpurnagar,22.9,84.15,24.23,90,100,3.18,IN,1721795160
7,port-aux-francais,-49.35,70.2167,2.97,98,100,9.82,TF,1721795160
8,grytviken,-54.2811,-36.5092,-7.98,74,12,7.03,GS,1721795160
9,buarcos,40.166,-8.8768,18.19,94,0,1.35,PT,1721795161
10,fortuna,40.5982,-124.1573,13.29,84,65,1.36,US,1721795161
11,coquimbo,-29.9533,-71.3436,11.1,67,0,3.6,CL,1721795161
12,belfast,54.5833,-5.9333,14.1,89,40,2.06,GB,1721795161
13,semirom,31.4167,51.5667,21.51,20,0,0.57,IR,1721795162
14,west island,-12.1568,96.8225,27.99,69,75,7.2,CC,1721795162
15,ugoofaaru,5.6667,73.0,28.52,75,71,1.54,MV,1721795162
16,ouesso,1.6136,16.0517,21.82,81,51,1.31,CG,1721795162
17,ribeira grande,38.5167,-28.7,21.54,83,5,3.13,PT,1721795163
18,lucas,41.6501,-83.6666,22.81,83,75,2.06,US,1721795163
19,gisborne,-38.6533,178.0042,12.83,59,16,3.79,NZ,1721795163
20,thompson,55.7435,-97.8558,12.09,76,20,0.0,CA,1721795163
21,blackmans bay,-43.0167,147.3167,18.07,41,100,2.68,AU,1721795164
22,georgetown,5.4112,100.3354,31.97,63,20,3.6,MY,1721795164
23,rongelap,11.1635,166.8941,28.38,75,4,5.9,MH,1721795164
24,mto wa mbu,-3.35,35.85,15.87,86,19,0.32,TZ,1721795164
25,padang,-0.9492,100.3543,31.03,65,99,3.2,ID,1721795165
26,chashniki,54.8569,29.1607,17.19,75,44,1.49,BY,1721795165
27,hadibu,12.65,54.0333,26.36,79,100,15.57,YE,1721795165
28,zarzis,33.504,11.1122,26.09,67,0,5.96,TN,1721795165
29,saint-philippe,-21.3585,55.7679,21.77,75,42,3.84,RE,1721795166
30,whitehorse,60.7161,-135.0538,20.43,72,75,2.06,CA,1721795072
31,taoudenni,22.6783,-3.9836,35.25,28,0,2.85,ML,1721795166
32,ndola,-12.9587,28.6366,11.48,42,0,2.21,ZM,1721795166
33,tofol,5.3248,163.0078,28.88,84,100,2.06,FM,1721795167
34,iqaluit,63.7506,-68.5145,11.85,71,100,4.63,CA,1721795167
35,napili-honokowai,20.9708,-156.6705,27.22,79,35,8.13,US,1721795167
36,bethel,41.3712,-73.414,22.23,89,100,1.54,US,1721795167
37,lihue,21.9789,-159.3672,24.64,92,17,6.66,US,1721795168
38,arraial do cabo,-22.9661,-42.0278,19.7,82,13,1.47,BR,1721795168
39,pader,3.05,33.2167,17.79,94,98,0.48,UG,1721795168
40,port mathurin,-19.6833,63.4167,22.85,69,22,8.81,MU,1721795168
41,isafjordur,66.0755,-23.124,9.27,94,100,4.31,IS,1721795169
42,ozalp,38.6548,43.993,21.47,47,4,1.21,TR,1721795169
43,sumbawanga,-7.9667,31.6167,11.29,47,10,1.37,TZ,1721795169
44,puerto ayora,-0.7393,-90.3518,20.31,99,90,2.68,EC,1721795169
45,daru,-9.0763,143.2092,25.75,86,100,7.69,PG,1721795170
46,varde,55.6211,8.4807,15.96,89,75,4.12,DK,1721795170
47,lavelanet,42.9313,1.8466,19.24,77,0,2.17,FR,1721795170
48,alenquer,-1.9417,-54.7383,23.98,62,25,1.08,BR,1721795170
49,mangrol,21.1167,70.1167,28.3,83,99,10.71,IN,1721795171
50,port elizabeth,-33.918,25.5701,14.16,82,0,7.2,ZA,1721795171
51,tiksi,71.6872,128.8694,8.59,63,73,4.03,RU,1721795171
52,lebu,-37.6167,-73.65,10.47,91,99,3.22,CL,1721795171
53,ilulissat,69.2167,-51.1,7.01,87,100,1.54,GL,1721795172
54,nalut,30.3333,10.85,23.44,52,0,4.75,LY,1721795172
55,hithadhoo,-0.6,73.0833,28.86,74,79,4.61,MV,1721795172
56,adamstown,-25.066,-130.1015,19.21,63,60,9.24,PN,1721795172
57,iskateley,67.6803,53.1512,15.04,56,9,4.13,RU,1721795173
58,enewetak,11.3474,162.3373,28.74,78,15,5.97,MH,1721795173
59,klyuchi,52.2667,79.1667,28.38,40,98,4.22,RU,1721795173
60,waitangi,-43.9535,-176.5597,8.79,99,100,4.02,NZ,1721795173
61,la mira,18.035,-102.3266,26.32,84,100,1.68,MX,1721795174
62,crane,31.3974,-102.3501,27.99,38,0,2.86,US,1721795174
63,talnakh,69.4865,88.3972,14.3,66,100,2.93,RU,1721795174
64,kruisfontein,-34.0033,24.7314,9.38,76,66,3.78,ZA,1721795174
65,bilibino,68.0546,166.4372,16.76,89,100,0.8,RU,1721795175
66,onega,63.9061,38.1404,17.79,53,66,0.82,RU,1721795175
67,udachny,66.4167,112.4,17.84,38,97,6.65,RU,1721795175
68,galesong,-5.3166,119.3661,31.01,66,58,5.22,ID,1721795175
69,mount pearl,47.5166,-52.7813,17.75,77,75,6.69,CA,1721795176
70,pisco,-13.7,-76.2167,15.03,88,5,2.06,PE,1721795176
71,bredasdorp,-34.5322,20.0403,11.19,93,76,2.98,ZA,1721795176
72,invercargill,-46.4,168.35,12.79,84,100,3.58,NZ,1721795176
73,hotan,37.0997,79.9269,28.62,27,100,8.14,CN,1721795176
74,inderbor,48.55,51.7833,25.93,45,100,5.75,KZ,1721795177
75,punta arenas,-53.15,-70.9167,3.06,70,0,12.35,CL,1721795131
76,olonkinbyen,70.9221,-8.7187,4.61,91,100,6.42,SJ,1721795177
77,santana,-0.0583,-51.1817,25.1,94,20,1.03,BR,1721795177
78,dhoro naro,25.5,69.5667,32.27,64,85,7.26,PK,1721795178
79,avarua,-21.2078,-159.775,24.03,73,0,2.57,CK,1721795178
80,changji,44.0167,87.3167,33.44,27,0,3.0,CN,1721795178
81,salalah,17.0151,54.0924,25.05,100,100,2.06,OM,1721795178
82,azul,-36.777,-59.8585,13.12,96,24,2.86,AR,1721795179
83,namibe,-15.1961,12.1522,14.61,91,20,1.86,AO,1721795179
84,boende,-0.2167,20.8667,22.13,86,36,0.98,CD,1721795179
85,basco,20.4487,121.9702,28.55,90,100,20.03,PH,1721795179
86,tanjung pinang,0.9167,104.45,32.02,69,97,6.52,ID,1721795180
87,vilyuysk,63.7553,121.6247,19.44,31,100,3.61,RU,1721795180
88,saipan,15.1355,145.701,32.39,70,40,5.66,MP,1721795180
89,rameswaram,9.2833,79.3,28.53,75,84,6.62,IN,1721795180
90,new norfolk,-42.7826,147.0587,18.72,40,86,3.93,AU,1721795181
91,revda,56.801,59.9303,14.87,68,100,1.3,RU,1721795181
92,howard springs,-12.497,131.047,30.49,50,84,1.4,AU,1721795181
93,sidney,-33.8679,151.2073,20.86,51,0,3.6,AU,1721794943
94,hermanus,-34.4187,19.2345,12.11,89,100,4.69,ZA,1721795182
95,iskushuban,10.2837,50.23,28.02,56,94,12.59,SO,1721795182
96,severo-yeniseyskiy,60.3725,93.0408,19.73,56,100,2.86,RU,1721795182
97,reggane,26.7158,0.1714,36.25,14,0,5.49,DZ,1721795182
98,happy valley-goose bay,53.3168,-60.3315,12.17,76,20,3.6,CA,1721795183
99,aconibe,1.2968,10.9369,19.92,95,80,1.68,GQ,1721795183
100,port alfred,-33.5906,26.891,10.66,91,62,0.45,ZA,1721795183
101,sabha,27.0377,14.4283,27.65,40,0,5.32,LY,1721795184
102,grand gaube,-20.0064,57.6608,22.43,78,9,1.34,MU,1721795184
103,haiku-pauwela,20.9219,-156.3051,25.09,84,22,3.13,US,1721795184
104,tsiombe,-25.3,45.4833,17.5,89,5,3.08,MG,1721795184
105,panji,-7.7253,114.0995,32.8,42,9,3.47,ID,1721795185
106,vyyezdnoye,55.3815,43.7864,17.83,60,27,3.19,RU,1721795185
107,afaahiti,-17.75,-149.2833,24.93,74,57,8.76,PF,1721795185
108,kolonia,50.9333,6.95,17.16,83,100,4.12,DE,1721795185
109,qaqortoq,60.7167,-46.0333,4.59,97,93,2.16,GL,1721795186
110,margaret river,-33.95,115.0667,14.55,64,92,7.63,AU,1721795186
111,yellowknife,62.456,-114.3525,25.31,57,40,4.12,CA,1721794918
112,tartouss,34.889,35.8866,28.21,76,0,5.5,SY,1721795186
113,vilyuchinsk,52.9306,158.4028,13.15,82,100,2.9,RU,1721795186
114,kodiak,57.79,-152.4072,14.73,88,40,1.54,US,1721795187
115,ulsan,35.5372,129.3167,32.57,57,94,5.33,KR,1721795187
116,ta`u,-14.2336,-169.5144,26.49,71,43,10.93,AS,1721795187
117,traiguen,-38.25,-72.6833,5.29,96,58,1.3,CL,1721795187
118,kaohsiung,22.6163,120.3133,27.97,93,100,12.35,TW,1721795188
119,palmerston,-12.486,130.9833,30.52,48,20,2.57,AU,1721795188
120,edinburgh of the seven seas,-37.0676,-12.3116,13.26,88,39,15.88,SH,1721795188
121,kerikeri,-35.2268,173.9474,16.06,68,4,4.02,NZ,1721795189
122,amga,60.8953,131.9608,27.01,48,14,1.35,RU,1721795189
123,usinsk,65.9939,57.5281,15.45,54,0,7.27,RU,1721795189
124,luderitz,-26.6481,15.1594,11.84,71,38,3.47,NA,1721795189
125,gubkinskiy,64.434,76.5026,15.22,47,23,6.16,RU,1721795190
126,papatowai,-46.5619,169.4708,12.66,70,99,6.21,NZ,1721795190
127,nuuk,64.1835,-51.7216,3.34,100,100,2.57,GL,1721795190
128,nova sintra,14.8667,-24.7167,24.07,82,69,5.25,CV,1721795190
129,college,64.8569,-147.8028,29.99,48,40,5.14,US,1721795191
130,manokwari,-0.8667,134.0833,27.18,74,100,0.44,ID,1721795191
131,utrik,11.2278,169.8474,28.68,72,49,3.99,MH,1721795191
132,east london,-33.0153,27.9116,13.52,76,40,6.69,ZA,1721795191
133,acapulco de juarez,16.8634,-99.8901,29.9,74,100,2.57,MX,1721794907
134,kresek,-6.1314,106.3797,30.98,55,69,2.66,ID,1721795192
135,nanakuli,21.3906,-158.1547,27.97,61,20,3.6,US,1721795192
136,pangai,-19.8,-174.35,26.06,69,75,6.17,TO,1721795192
137,longyearbyen,78.2186,15.6401,9.91,87,75,6.69,SJ,1721795193
138,pico truncado,-46.7949,-67.9573,8.28,71,100,3.68,AR,1721795193
139,churapcha,62.0025,132.4325,26.74,48,49,0.76,RU,1721795193
140,anadyr,64.75,177.4833,18.28,59,0,9.0,RU,1721795193
141,yeppoon,-23.1333,150.7333,23.88,71,0,5.86,AU,1721795194
142,comodoro rivadavia,-45.8667,-67.5,13.92,44,0,4.63,AR,1721795194
143,belyy yar,53.6039,91.3903,24.94,65,0,2.0,RU,1721795194
144,tura,25.5198,90.2201,26.84,88,99,3.08,IN,1721795194
145,alice springs,-23.7,133.8833,22.75,14,0,7.2,AU,1721795167
146,chonchi,-42.6128,-73.8092,8.56,89,86,2.7,CL,1721795195
147,luganville,-15.5333,167.1667,25.63,83,92,4.46,VU,1721795195
148,port lincoln,-34.7333,135.8667,19.69,37,97,11.42,AU,1721795195
149,santiago de cao,-7.9589,-79.2392,17.07,88,75,4.12,PE,1721795195
150,puerto san jose,13.9256,-90.8244,27.43,81,0,0.76,GT,1721795196
151,sitka,57.0531,-135.33,12.94,88,100,2.57,US,1721795196
152,saint-pierre,-21.3393,55.4781,21.82,49,0,3.6,RE,1721795196
153,sodra sandby,56.5667,16.6167,18.83,86,98,1.62,SE,1721795196
154,fuerte olimpo,-21.0415,-57.8738,20.08,34,10,2.45,PY,1721795197
155,fale old settlement,-9.3852,-171.2468,27.3,83,94,8.14,TK,1721795197
156,minbu,20.1833,94.8833,29.09,75,99,6.64,MM,1721795197
157,hamilton,39.1834,-84.5333,22.74,84,0,2.06,US,1721795197
158,karatuzskoye,53.6072,92.8667,23.92,65,11,0.72,RU,1721795198
159,divnomorskoye,44.5011,38.1353,22.4,80,3,1.74,RU,1721795198
160,pitimbu,-7.4706,-34.8086,22.33,80,63,6.36,BR,1721795198
161,yazman,29.1212,71.7446,36.7,47,8,7.62,PK,1721795198
162,aldama,22.9167,-98.0667,26.87,96,17,1.3,MX,1721795199
163,saldanha,-33.0117,17.9442,12.03,87,99,5.17,ZA,1721795199
164,stanley,54.868,-1.6985,10.99,96,67,1.55,GB,1721795199
165,kapuskasing,49.4169,-82.4331,14.05,77,100,2.57,CA,1721795199
166,kolonia town,6.964,158.206,30.06,94,100,2.06,FM,1721795200
167,thunder bay,48.4001,-89.3168,15.95,82,75,1.54,CA,1721795200
168,weno,7.4515,151.8468,27.97,89,100,2.06,FM,1721795200
169,puerto baquerizo moreno,-0.9,-89.6,20.69,84,58,5.37,EC,1721795200
170,the pas,53.8251,-101.2541,19.01,77,0,3.09,CA,1721795201
171,barinitas,8.7622,-70.4111,20.68,94,88,1.67,VE,1721795201
172,inarajan village,13.2736,144.7484,31.54,85,100,4.15,GU,1721795201
173,puerto natales,-51.7236,-72.4875,1.47,87,46,3.15,CL,1721795201
174,guaruja,-23.9931,-46.2564,15.5,26,4,1.64,BR,1721795202
175,sinop,41.7711,34.8709,21.21,68,0,1.06,TR,1721795202
176,segezha,63.7415,34.3222,17.1,70,9,0.44,RU,1721795202
177,paracuru,-3.41,-39.0306,25.62,75,3,6.64,BR,1721795202
178,badger,64.8,-147.5333,29.95,45,40,5.14,US,1721795203
179,mammoth lakes,37.6485,-118.9721,16.4,77,75,3.09,US,1721795024
180,keflavik,64.0049,-22.5624,10.95,100,100,6.69,IS,1721795203
181,leninskiy,54.2781,37.4558,16.15,67,30,2.11,RU,1721795204
182,lysekil,58.2743,11.4358,16.17,94,100,2.15,SE,1721795204
183,nemuro,43.3236,145.575,19.93,86,70,4.95,JP,1721795204
184,bihar sharif,25.1833,85.5167,32.77,63,100,5.0,IN,1721795204
185,arar,30.9753,41.0381,31.01,18,0,8.75,SA,1721795205
186,pimentel,-6.8367,-79.9342,16.16,88,0,5.14,PE,1721795205
187,new plymouth,-39.0667,174.0833,13.78,100,28,5.01,NZ,1721795123
188,as sulayyil,20.4607,45.5779,33.14,20,72,9.82,SA,1721795205
189,kushiro,42.975,144.3747,25.53,78,75,6.17,JP,1721795206
190,wailua homesteads,22.0669,-159.378,24.3,92,23,0.45,US,1721795206
191,murghob,38.1702,73.9667,11.57,45,63,1.91,TJ,1721795206
192,fisterra,42.9049,-9.2629,20.01,90,20,8.3,ES,1721795206
193,novyy urgal,51.0736,132.5642,28.9,44,33,0.81,RU,1721795207
194,naze,28.3667,129.4833,31.51,83,97,7.39,JP,1721795207
195,kaa-khem,51.6833,94.7333,24.0,46,100,1.39,RU,1721795207
196,vyetka,52.5591,31.1794,16.08,100,6,2.0,BY,1721795207
197,remire-montjoly,4.9167,-52.2667,24.02,100,0,1.03,GF,1721795208
198,tokar,18.4254,37.729,30.16,56,96,16.02,SD,1721795208
199,constantia,44.1833,28.65,23.38,52,43,5.36,RO,1721795208
200,cockburn town,21.4612,-71.1419,28.63,78,4,9.86,TC,1721795208
201,gadzhiyevo,69.2551,33.3362,19.38,61,65,3.66,RU,1721795209
202,kitimat,54.0524,-128.6534,15.21,77,100,0.45,CA,1721795209
203,richards bay,-28.783,32.0377,15.35,94,0,2.22,ZA,1721795209
204,callao,-12.0667,-77.15,17.62,77,100,5.14,PE,1721795209
205,katsina,12.9894,7.6006,23.99,79,92,4.48,NG,1721795210
206,san luis de la loma,17.2706,-100.8939,26.2,90,98,2.07,MX,1721795210
207,sibiti,-3.6819,13.3499,18.79,85,40,1.17,CG,1721795210
208,salinas,36.6777,-121.6555,21.94,83,0,4.63,US,1721795211
209,glendive,47.1053,-104.7125,28.79,42,0,3.09,US,1721795211
210,karratha,-20.7377,116.8463,24.45,44,0,1.05,AU,1721795211
211,ust-nera,64.5667,143.2,22.54,54,100,3.77,RU,1721795211
212,brookings,44.3114,-96.7984,22.0,95,0,3.6,US,1721795212
213,aylmer,42.7668,-80.983,21.39,90,8,1.84,CA,1721795005
214,burang,30.25,81.1667,14.28,58,75,1.68,CN,1721795212
215,ola,59.5833,151.2833,17.99,77,44,2.96,RU,1721795212
216,elverum,60.8819,11.5623,11.79,94,100,2.12,NO,1721795213
217,nieuw amsterdam,5.8833,-55.0833,26.09,84,14,4.14,SR,1721795213
218,tshabong,-26.05,22.45,7.4,22,2,3.97,BW,1721795213
219,kudahuvadhoo,2.6708,72.8944,28.94,74,65,3.8,MV,1721795213
220,tarauaca,-8.1614,-70.7656,23.33,60,16,0.24,BR,1721795213
221,bayji,34.9311,43.487,33.13,36,0,6.17,IQ,1721795214
222,sheringham,52.9408,1.2093,11.57,81,36,0.33,GB,1721795214
223,prado,-17.3411,-39.2208,19.88,71,0,2.18,BR,1721795214
224,ulladulla,-35.35,150.4667,17.65,41,99,4.4,AU,1721795215
225,sao gabriel da cachoeira,-0.1303,-67.0892,22.86,98,95,0.34,BR,1721795215
226,karamay,45.6004,84.8661,31.05,24,100,4.45,CN,1721795216
227,walvis bay,-22.9575,14.5053,10.05,100,100,1.03,NA,1721795216
228,nouadhibou,20.931,-17.0347,20.86,91,61,1.69,MR,1721795216
229,greymouth,-42.4667,171.2,10.1,69,34,0.98,NZ,1721795216
230,mejit,10.2753,170.8646,28.42,77,95,4.87,MH,1721795217
231,barroquinha,-3.0189,-41.1361,23.02,85,5,2.97,BR,1721795217
232,bowen,-20.0167,148.2333,22.71,62,0,8.28,AU,1721795217
233,isangel,-19.55,169.2667,22.59,81,100,6.18,VU,1721795218
234,korocha,50.8107,37.1953,17.4,63,12,4.59,RU,1721795218
235,goroka,-6.0834,145.3873,20.29,90,76,1.79,PG,1721795218
236,flying fish cove,-10.4217,105.6791,25.55,67,18,7.83,CX,1721795218
237,doschatoye,55.3825,42.1072,17.15,63,5,3.02,RU,1721795219
238,mkushi,-13.6202,29.3939,10.92,43,0,2.13,ZM,1721795219
239,bereznik,62.8551,42.7072,20.21,66,27,1.55,RU,1721795219
240,swan hill,-35.3378,143.5544,17.6,39,100,8.49,AU,1721795219
241,arteche,12.2645,125.4048,32.24,57,100,3.53,PH,1721795220
242,edd,13.9297,41.6925,32.86,68,99,3.29,ER,1721795220
243,orkney,-26.9802,26.6727,6.42,20,5,2.0,ZA,1721795220
244,brisas de zicatela,15.8369,-97.0419,25.51,80,100,2.37,MX,1721795220
245,anju,39.6178,125.6647,29.47,77,82,3.26,KP,1721795221
246,yuzhno-kurilsk,44.0306,145.8556,18.53,98,100,5.3,RU,1721795221
247,vilhena,-12.7406,-60.1458,18.44,45,3,1.7,BR,1721795221
248,auriflama,-20.6856,-50.5547,16.9,34,20,1.96,BR,1721795221
249,vorgashor,67.5833,63.95,15.05,44,0,4.49,RU,1721795222
250,hasaki,35.7333,140.8333,37.94,77,100,4.26,JP,1721795222
251,cidreira,-30.1811,-50.2056,16.45,91,93,4.75,BR,1721795222
252,road town,18.4167,-64.6167,27.91,74,34,9.25,VG,1721795222
253,acarau,-2.8856,-40.12,25.36,82,6,7.4,BR,1721795223
254,la ronge,55.1001,-105.2842,21.14,64,100,4.12,CA,1721795223
255,oltinko'l,40.8011,72.1634,34.77,19,6,0.61,UZ,1721795223
256,kottagudem,17.55,80.6333,24.26,94,100,7.02,IN,1721795224
257,fort bragg,35.139,-79.006,25.11,92,100,3.6,US,1721795224
258,sinabang,2.4803,96.3801,29.32,74,90,3.72,ID,1721795224
259,ad dabbah,18.05,30.95,30.64,53,33,7.99,SD,1721795224
260,la'ie,21.6477,-157.9253,27.98,82,3,3.58,US,1721795225
261,tyukhtet,56.5389,89.3011,23.96,67,2,0.62,RU,1721795225
262,manta,-0.95,-80.7333,21.88,83,0,2.57,EC,1721795225
263,haimen,23.1935,116.6142,34.94,76,100,1.59,CN,1721795225
264,san antonio de pale,-1.4014,5.6325,22.83,86,55,5.73,GQ,1721795226
265,koungheul,13.9833,-14.8,25.36,91,100,3.12,SN,1721795226
266,lorena,-22.7308,-45.1247,12.08,78,9,0.86,BR,1721795226
267,nema,57.5067,50.5011,15.7,64,13,3.85,RU,1721795227
268,mizdah,31.4451,12.9801,19.5,85,1,0.24,LY,1721795227
269,hagi,34.4,131.4167,28.25,77,98,0.46,JP,1721795228
270,ardakan,32.31,54.0175,33.09,16,0,6.42,IR,1721795228
271,kittila,67.6647,24.8936,19.23,77,0,1.03,FI,1721795228
272,morant bay,17.8815,-76.4093,29.79,87,21,4.41,JM,1721795228
273,pran buri,12.3847,99.9098,28.01,71,100,5.44,TH,1721795228
274,luuq,3.7938,42.5445,23.89,74,100,8.63,SO,1721795229
275,verkhnevilyuysk,63.4453,120.3167,19.88,33,100,3.39,RU,1721795229
276,aswan,24.0934,32.907,33.46,19,99,2.81,EG,1721795229
277,aasiaat,68.7098,-52.8699,1.61,96,80,1.19,GL,1721795229
278,susuman,62.7833,148.1667,23.84,53,98,1.62,RU,1721795230
279,kabalo,-6.05,26.9167,21.85,36,6,2.16,CD,1721795230
280,neryungri,56.6709,124.6491,25.51,44,14,3.2,RU,1721795230
281,shalqar,47.8333,59.6,27.77,36,28,3.95,KZ,1721795231
282,palmer,42.1584,-72.3287,21.95,79,100,1.54,US,1721795231
283,st. john's,47.5649,-52.7093,18.21,76,75,6.69,CA,1721795142
284,manicore,-5.8092,-61.3003,23.09,52,1,1.02,BR,1721795231
285,hobyo,5.3505,48.5268,24.81,81,100,10.58,SO,1721795232
286,mata-utu,-13.2816,-176.1745,27.22,70,71,9.87,WF,1721795232
287,colonia,50.9333,6.95,17.16,83,100,4.12,DE,1721795185
288,minas de marcona,-15.2119,-75.1103,9.85,91,73,4.9,PE,1721795232
289,lepsy,46.235,78.9456,29.99,28,100,0.8,KZ,1721795233
290,great bend,38.3645,-98.7648,24.46,70,0,2.57,US,1721795233
291,hawaiian paradise park,19.5933,-154.9731,25.41,91,20,0.45,US,1721795233
292,calama,-22.4667,-68.9333,8.27,21,0,7.2,CL,1721795234
293,teguise,29.0605,-13.564,24.12,53,0,8.75,ES,1721795234
294,la passe,45.5549,-0.8967,16.13,87,21,2.0,FR,1721795234
295,karpinsk,59.7654,60.0085,10.33,98,100,3.41,RU,1721795234
296,darwin,-12.4611,130.8418,30.53,45,20,2.57,AU,1721795218
297,bardai,11.65,7.2333,20.84,96,61,3.77,NG,1721795235
298,mount gambier,-37.8333,140.7667,15.89,53,100,7.07,AU,1721795235
299,lockwood,45.8191,-108.4149,30.91,29,1,0.45,US,1721795235
300,dalmatovo,56.26,62.9362,17.36,66,78,4.5,RU,1721795236
301,kristiansund,63.1115,7.732,13.03,92,100,0.0,NO,1721795236
302,portland,45.5234,-122.6762,23.52,59,0,1.34,US,1721795082
303,northam,51.0333,-4.2167,15.34,95,60,1.7,GB,1721795236
304,xilin hot,43.9667,116.0333,29.77,37,85,2.16,CN,1721795237
305,cambria,35.5641,-121.0808,28.21,77,30,0.39,US,1721795237
306,quatre cocos,-20.2078,57.7625,22.27,69,6,4.09,MU,1721795237
307,vadso,70.0744,29.7487,20.09,64,0,2.06,NO,1721795238
308,cabedelo,-6.9811,-34.8339,22.37,82,59,5.54,BR,1721795238
309,codrington,-38.2667,141.9667,15.54,58,100,10.17,AU,1721795238
310,luanda,-8.8368,13.2343,20.0,88,75,1.03,AO,1721794955
311,poso,-1.3959,120.7524,29.93,62,98,2.25,ID,1721795238
312,saudarkrokur,65.7461,-19.6394,11.62,85,100,8.14,IS,1721795239
313,lamarque,-39.423,-65.7021,13.7,41,100,6.32,AR,1721795239
314,blackfoot,43.1905,-112.345,27.42,24,4,0.28,US,1721795239
315,udangudi,8.4333,78.0167,32.1,51,95,3.45,IN,1721795239
316,alpena,45.0617,-83.4327,19.18,97,100,4.12,US,1721795240
317,nagqu,31.5,92.0,14.44,58,82,3.12,CN,1721795240
318,pathein,16.7833,94.7333,27.62,86,100,7.03,MM,1721795240
319,uturoa,-16.7333,-151.4333,25.63,69,30,8.03,PF,1721795240
320,gandiaye,14.2333,-16.2667,28.06,87,100,3.0,SN,1721795241
321,george town,5.4112,100.3354,31.97,63,20,3.6,MY,1721795241
322,qamdo,31.1667,97.2333,15.56,64,100,0.54,CN,1721795241
323,machico,32.7,-16.7667,22.06,84,20,2.57,PT,1721795241
324,igarka,67.4667,86.5833,11.59,95,100,2.63,RU,1721795242
325,necochea,-38.5473,-58.7368,13.11,84,87,4.24,AR,1721795242
326,egilsstadir,65.2653,-14.3948,11.95,76,75,3.6,IS,1721795242
327,gambiran satu,-8.3939,114.1464,28.5,68,95,2.33,ID,1721795243
328,alaghsas,17.0187,8.0168,30.84,52,100,5.77,NE,1721795243
329,kuching,1.55,110.3333,35.01,56,20,3.6,MY,1721795243
330,aldinga beach,-35.2793,138.4604,20.9,55,76,12.65,AU,1721795243
331,kayangel,8.0823,134.7173,26.09,87,100,3.92,PW,1721795244
332,soure,-0.7167,-48.5233,26.68,79,97,3.76,BR,1721795244
333,tralee,52.2704,-9.7026,13.66,95,99,1.93,IE,1721795244
334,coari,-4.085,-63.1414,23.74,59,29,0.84,BR,1721795244
335,ngaoundere,7.3167,13.5833,16.75,96,98,0.91,CM,1721795245
336,praya,14.9215,-23.5087,24.3,83,40,3.6,CV,1721795245
337,lata,40.1629,-8.3327,20.51,52,0,0.64,PT,1721795245
338,broken hill,-31.95,141.4333,18.54,30,100,11.47,AU,1721795245
339,huanuni,-18.2667,-66.85,5.23,42,3,0.51,BO,1721795246
340,akjoujt,19.6969,-14.4164,27.33,66,100,4.71,MR,1721795246
341,atafu village,-8.5421,-172.5159,27.73,80,41,6.26,TK,1721795246
342,beira,-19.8436,34.8389,16.05,100,2,2.06,MZ,1721795246
343,san sebastian de la gomera,28.0916,-17.1133,22.2,78,0,0.51,ES,1721795247
344,bulawayo,-20.15,28.5833,12.33,35,0,1.85,ZW,1721795247
345,tual,-5.6667,132.75,25.19,87,75,7.81,ID,1721795247
346,canico,32.6333,-16.85,22.06,86,20,2.57,PT,1721795247
347,shenjiamen,29.9576,122.298,28.52,81,66,5.08,CN,1721795248
348,ino,33.55,133.4333,29.74,74,100,1.58,JP,1721795248
349,i-n-salah,27.1935,2.4607,33.68,22,0,6.53,DZ,1721795248
350,dwarka,22.2394,68.9678,28.45,84,93,8.82,IN,1721795248
351,castilho,-20.8722,-51.4875,18.24,35,26,2.76,BR,1721795249
352,khilok,51.3674,110.4676,22.02,63,100,1.18,RU,1721795249
353,peniche,39.3558,-9.3811,19.5,96,0,3.4,PT,1721795249
354,micheweni,-4.9667,39.8333,23.72,86,80,5.11,TZ,1721795250
355,juan griego,11.0817,-63.9655,27.07,89,85,2.06,VE,1721795250
356,digboi,27.3833,95.6333,24.96,99,100,1.58,IN,1721795250
357,quellon,-43.1167,-73.6167,9.08,88,99,5.04,CL,1721795250
358,tazovsky,67.4667,78.7,12.06,53,83,8.55,RU,1721795251
359,bamboo flat,11.7,92.7167,30.05,79,75,7.2,IN,1721795251
360,forecariah,9.4306,-13.0881,23.81,94,100,1.45,GN,1721795251
361,bonga,7.2833,36.2333,15.29,99,88,0.64,ET,1721795251
362,geraldton,-28.7667,114.6,16.23,63,23,4.12,AU,1721795252
363,opuwo,-18.0607,13.84,15.15,21,0,2.18,NA,1721795252
364,wenchang,30.904,118.4887,36.69,51,10,2.73,CN,1721795252
365,mvurwi,-17.0333,30.85,9.8,46,0,1.37,ZW,1721795252
366,la cruz,23.9167,-106.9,26.88,81,100,1.7,MX,1721795253
367,labrador city,52.9463,-66.9114,10.66,74,0,3.09,CA,1721795253
368,smithers,54.7804,-127.1743,15.18,55,40,3.09,CA,1721795253
369,rantepao,-2.9701,119.8978,26.72,68,88,2.09,ID,1721795253
370,egersund,58.4513,5.9997,13.94,80,0,9.47,NO,1721795254
371,swidwin,53.7746,15.7767,17.2,96,100,2.01,PL,1721795254
372,labytnangi,66.6572,66.4183,15.35,42,72,7.32,RU,1721795254
373,majene,-3.5403,118.9707,27.96,70,86,4.69,ID,1721795254
374,pallasovka,50.05,46.8833,16.91,74,100,5.18,RU,1721795255
375,muroto-misakicho,33.2833,134.15,28.48,83,99,4.82,JP,1721795255
376,rawson,-43.3002,-65.1023,14.32,38,75,7.74,AR,1721795255
377,ninghai,29.2892,121.4247,30.53,72,25,4.9,CN,1721795255
378,kone,-21.0595,164.8658,18.85,88,100,0.22,NC,1721795256
379,champoton,19.35,-90.7167,29.31,62,95,5.82,MX,1721795256
380,divino das laranjeiras,-18.7778,-41.4797,16.54,87,0,1.79,BR,1721795256
381,olonets,60.9847,32.9698,18.43,66,7,1.49,RU,1721795110
382,kondagaon,19.6,81.6667,22.36,97,100,3.65,IN,1721795256
383,oranjemund,-28.55,16.4333,10.73,80,42,2.6,NA,1721795257
384,sorong,-0.8833,131.25,26.78,84,80,2.39,ID,1721795257
385,winnemucca,40.973,-117.7357,33.03,18,0,3.6,US,1721795257
386,kenai,60.5544,-151.2583,18.34,82,100,3.09,US,1721795258
387,praia da vitoria,38.7333,-27.0667,22.14,83,40,2.81,PT,1721795258
388,iranshahr,27.2025,60.6848,37.19,28,11,3.09,IR,1721795258
389,okha,53.5739,142.9478,11.45,96,100,6.46,RU,1721795258
390,mana,5.6592,-53.7767,26.01,87,59,3.45,GF,1721795259
391,magnitka,55.3475,59.6961,16.34,60,100,0.71,RU,1721795259
392,ginir,7.1333,40.7,16.73,69,99,5.46,ET,1721795259
393,isla del bosque,22.7333,-105.85,27.12,85,92,2.74,MX,1721795260
394,coahuayana de hidalgo,18.7,-103.6583,26.15,88,100,1.18,MX,1721795260
395,krasnyy kut,50.95,46.9667,17.62,63,96,6.01,RU,1721795260
396,novyy turtkul',41.55,61.0167,27.95,23,100,5.19,UZ,1721795260
397,saint-joseph,-21.3667,55.6167,21.21,73,35,3.48,RE,1721795261
398,kingston,17.997,-76.7936,29.53,70,20,3.09,JM,1721795261
399,nguigmi,14.2495,13.1092,28.43,62,100,7.13,NE,1721795261
400,coronel dorrego,-38.7187,-61.2873,15.67,81,87,7.56,AR,1721795262
401,sisimiut,66.9395,-53.6735,5.09,91,57,1.17,GL,1721795262
402,hammerfest,70.6634,23.6821,12.25,100,75,3.6,NO,1721795262
403,genhe,50.7833,121.5167,29.07,35,100,1.27,CN,1721795262
404,akureyri,65.6835,-18.0878,12.96,67,75,5.66,IS,1721795263
405,lincoln city,44.9582,-124.0179,15.5,83,0,2.24,US,1721795263
406,neya,58.2972,43.8681,18.74,71,97,3.01,RU,1721795263
407,pacific grove,36.6177,-121.9166,18.78,86,20,1.54,US,1721795263
408,yarmouth,41.7057,-70.2286,20.54,93,20,1.54,US,1721795264
409,broome,42.2506,-75.833,20.95,77,53,1.24,US,1721795264
410,starobil's'k,49.2783,38.9107,19.02,65,7,4.55,UA,1721795264
411,katsuura,35.1333,140.3,28.43,79,100,7.98,JP,1721795264
412,myitkyina,25.3833,97.4,24.32,99,100,0.52,MM,1721795265
413,ahar,38.4774,47.0699,23.58,54,6,2.43,IR,1721795265
414,edmonton,53.5501,-113.4687,24.32,73,100,4.63,CA,1721794678
415,pendleton,45.6721,-118.7886,26.55,23,0,0.45,US,1721795265
416,qala i naw,34.9874,63.1289,30.97,21,0,1.47,AF,1721795266
417,ocean city,39.2776,-74.5746,24.45,86,66,0.89,US,1721795266
418,baiti,13.745,-14.7482,25.1,90,100,3.47,SN,1721795266
419,ancud,-41.8697,-73.8203,8.88,88,99,5.21,CL,1721795266
420,masterton,-40.9597,175.6575,12.16,62,0,2.91,NZ,1721795267
421,nelson bay,-32.7167,152.15,19.5,55,5,0.45,AU,1721795267
422,kuala belait,4.5833,114.1833,31.09,69,99,2.48,BN,1721795267
423,orchard homes,46.8633,-114.0484,24.4,31,0,0.62,US,1721795267
424,vila franca do campo,37.7167,-25.4333,22.23,99,13,2.55,PT,1721795268
425,chandler,33.3062,-111.8412,40.36,23,0,3.09,US,1721795268
426,at taraf,25.3628,49.725,36.3,11,8,4.93,SA,1721795268
427,martapura,-3.4167,114.85,32.05,62,40,2.57,ID,1721795268
428,neiafu,-18.65,-173.9833,25.38,78,75,5.14,TO,1721795269
429,agat village,13.3886,144.6585,31.52,74,0,6.17,GU,1721795269
430,chandigarh,30.7343,76.7933,31.72,62,7,4.86,IN,1721795269
431,west bay,19.3667,-81.4167,28.36,86,4,6.52,KY,1721795269
432,punta cardon,11.6581,-70.215,27.91,81,62,12.54,VE,1721795270
433,gargalianoi,37.0667,21.6333,26.31,63,0,1.49,GR,1721795270
434,san patricio,28.017,-97.5169,27.91,81,100,1.8,US,1721795270
435,itaituba,-4.2761,-55.9836,21.72,58,4,0.69,BR,1721795270
436,kailua-kona,19.6406,-155.9956,29.98,82,40,7.2,US,1721795269
437,cananeia,-25.0147,-47.9267,15.42,86,10,0.74,BR,1721795271
438,mount isa,-20.7333,139.5,25.87,34,1,5.14,AU,1721795271
439,merizo village,13.2658,144.6691,31.31,85,100,4.04,GU,1721795271
440,moranbah,-22.0016,148.0466,24.3,38,25,8.76,AU,1721795156
441,azadshahr,34.7909,48.5707,22.27,40,0,1.03,IR,1721795272
442,wangkui,46.8333,126.5,28.97,51,100,1.92,CN,1721795272
443,kodinsk,58.6881,99.1844,22.04,86,100,1.66,RU,1721795272
444,nabire,-3.3667,135.4833,28.35,72,86,1.61,ID,1721795273
445,kamin-kashyrskyi,51.6241,24.9586,17.32,95,62,1.91,UA,1721795273
446,bayganin,48.6947,55.8742,26.17,44,91,6.11,KZ,1721795273
447,sarkand,45.41,79.9186,29.19,27,100,2.87,KZ,1721795274
448,puerto madero,14.7208,-92.4215,27.11,83,75,4.12,MX,1721795274
449,uliastay,47.7417,96.8444,19.54,38,11,2.03,MN,1721795274
450,shilka,51.85,116.0333,34.56,24,89,2.81,RU,1721795274
451,toliara,-23.35,43.6667,18.11,74,0,4.04,MG,1721795275
452,desaguadero,-16.5656,-69.0417,5.2,64,11,0.76,PE,1721795275
453,twon-brass,4.3151,6.2418,25.42,82,100,5.89,NG,1721795275
454,ust'-kut,56.7938,105.7672,26.48,48,70,4.32,RU,1721795275
455,mandalgovi,45.7625,106.2708,20.7,46,97,4.85,MN,1721795276
456,nadym,65.5333,72.5167,14.78,46,83,7.92,RU,1721795276
457,mao,39.8885,4.2658,24.31,69,0,2.06,ES,1721795276
458,dharur,18.8167,76.1167,22.01,88,100,8.62,IN,1721795276
459,sompeta,18.9333,84.6,29.6,70,100,5.34,IN,1721795277
460,kapa'a,22.0752,-159.319,25.05,83,19,0.45,US,1721795277
461,port blair,11.6667,92.75,30.02,79,75,7.2,IN,1721795277
462,bac lieu,9.285,105.7244,31.15,65,100,5.89,VN,1721795277
463,borogontsy,62.6683,131.1683,27.76,41,98,2.45,RU,1721795278
464,maragogi,-9.0122,-35.2225,23.58,68,29,4.86,BR,1721795278
465,madang,-5.2246,145.7966,27.2,88,100,3.88,PG,1721795278
466,barretos,-20.5572,-48.5678,17.1,34,39,2.87,BR,1721795278
467,alofi,-19.0595,-169.9187,24.94,78,75,6.69,NU,1721795279
468,piacabucu,-10.4056,-36.4344,23.14,79,52,3.65,BR,1721795279
469,miquelon,47.0975,-56.3814,16.0,81,100,5.39,PM,1721795279
470,kodinar,20.7903,70.7031,27.77,82,100,8.7,IN,1721795279
471,guangyuan,32.442,105.823,22.27,96,100,3.13,CN,1721795280
472,patacamaya,-17.2333,-67.9167,4.97,71,2,1.29,BO,1721795280
473,najran,17.4924,44.1277,32.36,40,53,4.08,SA,1721795280
474,saint croix,17.7397,-64.7388,26.25,87,20,4.12,VI,1721795280
475,chibougamau,49.9168,-74.3659,10.79,87,75,0.0,CA,1721795281
476,chhoti sadri,24.3833,74.7,25.85,89,100,5.74,IN,1721795281
477,buala,-8.145,159.5921,29.24,70,18,3.53,SB,1721795281
478,zhaqsy,51.9083,67.3133,16.8,64,94,5.86,KZ,1721795281
479,kitob,39.0843,66.8332,34.41,18,1,2.39,UZ,1721795282
480,whangarei,-35.7317,174.3239,13.75,69,22,3.68,NZ,1721795282
481,khlevnoye,52.1951,39.0932,16.01,61,23,4.66,RU,1721795282
482,port moresby,-9.4431,147.1797,29.68,66,20,7.72,PG,1721795282
483,villa regina,-39.1,-67.0667,14.99,20,100,2.24,AR,1721795283
484,ulanhot,46.0833,122.0833,27.59,57,90,3.74,CN,1721795283
485,porto novo,6.4965,2.6036,23.34,87,86,3.33,BJ,1721795283
486,newman,37.3138,-121.0208,36.13,42,21,1.79,US,1721795069
487,chu,43.5983,73.7614,33.12,26,97,3.78,KZ,1721795284
488,ivangorod,59.3716,28.2162,16.14,67,2,2.36,RU,1721795284
489,zhezqazghan,47.7833,67.7667,29.32,34,0,7.0,KZ,1721795284
490,shalya,57.2471,58.7298,10.8,98,100,0.92,RU,1721795284
491,rantauprapat,2.1,99.8333,33.4,49,98,1.34,ID,1721795285
492,arkalyk,50.2486,66.9114,21.82,65,15,3.64,KZ,1721795285
493,zaozersk,69.4005,32.4476,19.85,59,56,2.64,RU,1721795285
494,pasni,25.2631,63.471,28.52,80,26,2.98,PK,1721795285
495,badiyah,22.45,58.8,34.6,39,86,1.8,OM,1721795286
496,poxoreo,-15.8372,-54.3892,19.17,41,0,1.84,BR,1721795286
497,khashuri,41.9941,43.5999,20.83,77,0,1.84,GE,1721795286
498,netrakona,24.8833,90.7167,26.73,89,100,5.82,BD,1721795286
499,siocon,7.7061,122.1353,29.33,74,100,1.73,PH,1721795287
500,olyokminsk,60.3736,120.4264,32.38,29,52,3.71,RU,1721795287
501,hashtrud,37.4779,47.0508,23.97,40,0,1.58,IR,1721795287
502,tottori,35.5,134.2333,31.04,70,75,2.06,JP,1721795287
503,aykhal,66.0,111.5,17.3,40,98,8.62,RU,1721795288
504,barra do bugres,-15.0725,-57.1811,19.96,41,0,2.0,BR,1721795288
505,malango,-2.9627,119.9001,26.72,68,88,2.09,ID,1721795289
506,sant'agata di militello,38.0679,14.6327,23.76,71,0,1.16,IT,1721795289
507,sambava,-14.2667,50.1667,20.37,81,4,3.41,MG,1721795289
508,carbonear,47.7332,-53.2148,18.47,75,100,5.14,CA,1721795289
509,okhotsk,59.3833,143.3,19.24,74,99,3.63,RU,1721795290
510,feijo,-8.1642,-70.3536,24.25,55,3,1.12,BR,1721795290
511,zemio,5.0314,25.1361,19.36,97,100,0.11,CF,1721795291
512,magistral'nyy,56.1725,107.4458,21.08,76,98,3.52,RU,1721795291
513,eyl,7.9803,49.8164,26.12,68,72,11.27,SO,1721795291
514,xam nua,20.4197,104.0439,20.94,100,100,0.41,LA,1721795291
515,lerwick,60.1545,-1.1494,10.0,87,87,1.46,GB,1721795292
516,filadelfia,39.9523,-75.1638,25.42,86,98,2.18,US,1721795141
517,amboasary,-25.0333,46.3833,16.3,91,0,1.45,MG,1721795292
518,arkhangel'sk,64.5401,40.5433,20.06,64,20,1.0,RU,1721795292
519,khasab,26.1799,56.2477,34.84,41,97,2.4,OM,1721795292
520,hovd,48.0056,91.6419,23.58,32,2,2.48,MN,1721795293
521,fort st. john,56.2499,-120.8529,15.94,48,40,7.2,CA,1721795293
522,hakha,22.65,93.6167,25.46,68,100,1.05,MM,1721795293
523,kita,13.0349,-9.4895,22.7,96,100,0.36,ML,1721795293
524,bubaque,11.2833,-15.8333,26.38,82,100,6.2,GW,1721795294
525,macusani,-14.0833,-70.4333,-0.71,79,0,1.27,PE,1721795294
526,essaouira,31.5125,-9.77,24.72,69,36,2.06,MA,1721795294
527,leiyang,26.4024,112.8591,40.83,37,0,0.69,CN,1721795294
528,funafuti,-8.5243,179.1942,28.0,89,75,4.63,TV,1721795295
529,garissa,-0.4536,39.6401,22.67,86,66,5.01,KE,1721795295
530,charef,34.621,2.795,19.02,38,0,1.63,DZ,1721795295
531,katima mulilo,-17.5,24.2667,12.13,42,0,1.31,NA,1721795295
532,kogalym,62.2654,74.4791,15.35,47,95,7.19,RU,1721795296
533,port augusta,-32.5,137.7667,21.11,27,96,13.0,AU,1721795296
534,wau,7.7029,27.9953,21.31,95,100,1.12,SS,1721795296
535,nogliki,51.8333,143.1667,11.39,97,100,7.01,RU,1721795296
536,korla,41.7597,86.1469,32.38,20,4,1.91,CN,1721795297
537,lesogorsk,56.0458,99.5136,15.56,98,100,4.84,RU,1721795297
538,retreat,38.8245,-85.8533,22.43,92,88,1.31,US,1721795297
539,nuku'alofa,-21.1333,-175.2,24.19,78,75,4.63,TO,1721795297
540,tromso,69.6496,18.957,13.01,88,75,1.54,NO,1721795298
541,batouri,4.4333,14.3667,18.98,98,50,1.52,CM,1721795298
542,al burayqah,30.4062,19.5739,26.53,75,0,6.37,LY,1721795298
543,constitucion,-35.3333,-72.4167,9.67,90,29,2.15,CL,1721795298
544,sorsk,54.0033,90.2467,21.09,71,1,2.26,RU,1721795299
545,nurota,40.5614,65.6886,35.23,16,0,3.32,UZ,1721795299
546,mutare,-18.9707,32.6709,10.52,61,0,0.89,ZW,1721795299
547,itoman,26.1247,127.6694,32.21,73,75,12.86,JP,1721795300
548,choyr,46.3611,108.3611,15.6,87,100,4.24,MN,1721795300
549,valle de la pascua,9.2155,-66.0073,22.44,99,100,0.6,VE,1721795300
550,jinchang,38.4953,102.1739,24.11,46,60,1.23,CN,1721795300
551,dunstable,51.886,-0.521,15.08,94,40,1.03,GB,1721795301
552,el calafate,-50.3408,-72.2768,1.26,75,82,2.16,AR,1721795301
553,maintirano,-18.0667,44.0167,19.67,83,23,2.89,MG,1721795302
554,dolores,-36.3132,-57.6792,13.4,96,12,3.66,AR,1721795302
555,kirensk,57.7853,108.1119,28.4,49,96,4.34,RU,1721795302
556,nar'yan-mar,67.6713,53.087,15.0,56,9,4.14,RU,1721795302
557,riyadh,24.6877,46.7219,33.08,13,80,4.31,SA,1721795303
558,port saint john's,-31.6229,29.5448,14.8,41,0,5.07,ZA,1721795303
559,aksu,41.1231,80.2644,26.62,38,99,8.95,CN,1721795303
560,howrah,22.5892,88.3103,30.0,84,75,2.57,IN,1721795303
561,kirakira,-10.4544,161.9205,28.05,81,35,5.68,SB,1721795304
562,fedorovka,53.6314,62.7078,14.84,80,93,4.06,KZ,1721795304
563,milton,34.1322,-84.3007,23.73,96,100,2.29,US,1721795304
564,khandyga,62.6667,135.6,24.57,60,50,2.06,RU,1721795304
565,juegang,32.3174,121.1855,31.7,69,87,6.58,CN,1721795305
566,bakchar,57.0186,82.0711,19.85,86,100,2.5,RU,1721795305
